{
  "camera": [
    {
      "bottom": 9.684,
      "id": "Slingshot",
      "left": -8.08,
      "right": 63.962,
      "top": -44.347,
      "x": 27.941,
      "y": -17.332
    },
    {
      "bottom": 9.867,
      "id": "Castle",
      "left": 18.813,
      "right": 90.855,
      "top": -44.165,
      "x": 54.834,
      "y": -17.149
    }
  ],
  "counts": {
    "birds": 3,
    "blocks": 35
  },
  "id": "pack4/LevelP2_103.lua",
  "scoreEagle": 53000,
  "scoreGold": 62000,
  "scoreSilver": 55000,
  "theme": "BACKGROUND_BUSHES",
  "world": {
    "bird_1": {
      "angle": 0,
      "id": "BIRD_RED",
      "x": 8.55,
      "y": -3.569
    },
    "bird_2": {
      "angle": 0,
      "id": "BIRD_RED",
      "x": 6.15,
      "y": -3.411
    },
    "bird_3": {
      "angle": 0,
      "id": "BIRD_RED",
      "x": 4.28,
      "y": -3.411
    },
    "block_1": {
      "angle": 0.008,
      "id": "TERRAIN_TEXTURED_HILLS_10X10",
      "x": 6.81,
      "y": 2.224
    },
    "block_10": {
      "angle": 0,
      "id": "TERRAIN_TEXTURED_HILLS_10X10",
      "x": 43.366666666666575,
      "y": -5.166666666666666
    },
    "block_11": {
      "angle": 0,
      "id": "WOOD_BLOCK_4X2",
      "x": 42.26666666666659,
      "y": -24.866666666666784
    },
    "block_12": {
      "angle": 0,
      "id": "STONE_BLOCK_4X1",
      "x": 51.366666666666575,
      "y": -0.9999999999999976
    },
    "block_13": {
      "angle": 0,
      "id": "STONE_BLOCK_4X1",
      "x": 51.36666666666657,
      "y": -8.333333333333332
    },
    "block_14": {
      "angle": 0,
      "id": "WOOD_BLOCK_4X2",
      "x": 51.366666666666575,
      "y": -2.4999999999999947
    },
    "block_15": {
      "angle": 0,
      "id": "WOOD_BLOCK_4X2",
      "x": 51.36666666666658,
      "y": -4.666666666666661
    },
    "block_16": {
      "angle": 0,
      "id": "WOOD_BLOCK_4X2",
      "x": 58.53333333333331,
      "y": -5.499999999999995
    },
    "block_17": {
      "angle": 90,
      "id": "STONE_BLOCK_8X1",
      "x": 56.03333333333323,
      "y": -4.5
    },
    "block_18": {
      "angle": 0,
      "id": "WOOD_BLOCK_4X2",
      "x": 58.53333333333331,
      "y": -2.499999999999992
    },
    "block_19": {
      "angle": 0,
      "id": "STONE_BLOCK_4X1",
      "x": 58.53333333333331,
      "y": -0.9999999999999973
    },
    "block_2": {
      "angle": 0,
      "id": "WOOD_BLOCK_4X2",
      "x": 42.26666666666659,
      "y": -27.03333333333345
    },
    "block_20": {
      "angle": 0,
      "id": "WOOD_BLOCK_4X1",
      "x": 58.533333333333324,
      "y": -6.999999999999998
    },
    "block_21": {
      "angle": 0,
      "id": "STONE_BLOCK_4X1",
      "x": 58.533333333333296,
      "y": -7.999999999999998
    },
    "block_22": {
      "angle": 0,
      "id": "STONE_BLOCK_4X1",
      "x": 58.53333333333328,
      "y": -3.9999999999999987
    },
    "block_23": {
      "angle": 89,
      "id": "STONE_BLOCK_4X1",
      "x": 61.033333333333445,
      "y": -6.4999999999999964
    },
    "block_24": {
      "angle": 90,
      "id": "STONE_BLOCK_4X1",
      "x": 61.03333333333346,
      "y": -2.4999999999999973
    },
    "block_25": {
      "angle": 0,
      "id": "WOOD_BLOCK_4X2",
      "x": 51.36666666666659,
      "y": -6.833333333333325
    },
    "block_26": {
      "angle": 0,
      "id": "WOOD_BLOCK_4X2",
      "x": 65.86666666666704,
      "y": -5.333333333333328
    },
    "block_27": {
      "angle": 89,
      "id": "STONE_BLOCK_8X1",
      "x": 63.36666666666698,
      "y": -4.500000000000001
    },
    "block_28": {
      "angle": 0,
      "id": "WOOD_BLOCK_4X2",
      "x": 65.86666666666704,
      "y": -2.3333333333333255
    },
    "block_29": {
      "angle": 0,
      "id": "WOOD_BLOCK_4X1",
      "x": 65.86666666666704,
      "y": -0.8999999999999975
    },
    "block_3": {
      "angle": 0,
      "id": "WOOD_BLOCK_8X1",
      "x": 43.26666666666658,
      "y": -28.65833333333346
    },
    "block_30": {
      "angle": 0,
      "id": "STONE_BLOCK_4X1",
      "x": 65.86666666666702,
      "y": -3.833333333333332
    },
    "block_31": {
      "angle": 53,
      "id": "STONE_BLOCK_4X1",
      "x": 69.99166666666699,
      "y": -1.9999999999999973
    },
    "block_32": {
      "angle": 0,
      "id": "STONE_BLOCK_4X1",
      "x": 65.86666666666702,
      "y": -7.833333333333331
    },
    "block_33": {
      "angle": 91,
      "id": "STONE_BLOCK_4X1",
      "x": 68.49166666666702,
      "y": -5.858333333333331
    },
    "block_34": {
      "angle": 0,
      "id": "WOOD_BLOCK_4X1",
      "x": 65.86666666666704,
      "y": -6.899999999999999
    },
    "block_35": {
      "angle": 0,
      "id": "TERRAIN_TEXTURED_HILLS_10X10",
      "x": 43.299999999999905,
      "y": -14.9
    },
    "block_4": {
      "angle": 90,
      "id": "STONE_BLOCK_8X1",
      "x": 48.866666666666575,
      "y": -4.666666666666668
    },
    "block_5": {
      "angle": 0,
      "id": "WOOD_CIRCLE_2X2",
      "x": 68.82500000000036,
      "y": -1.25
    },
    "block_6": {
      "angle": 91,
      "id": "WOOD_BLOCK_8X1",
      "x": 44.76666666666658,
      "y": -24.033333333333445
    },
    "block_7": {
      "angle": 0,
      "id": "PIG_BASIC_MEDIUM",
      "x": 42.099999999999916,
      "y": -21.86666666666674
    },
    "block_8": {
      "angle": 91,
      "id": "WOOD_BLOCK_4X1",
      "x": 39.59999999999993,
      "y": -21.866666666666735
    },
    "block_9": {
      "angle": 90,
      "id": "WOOD_BLOCK_4X1",
      "x": 39.59999999999993,
      "y": -26.033333333333456
    }
  }
}