{
  "camera": [
    {
      "bottom": 9.684,
      "id": "Slingshot",
      "left": -8.08,
      "right": 63.962,
      "top": -44.347,
      "x": 27.941,
      "y": -17.332
    },
    {
      "bottom": 9.867,
      "id": "Castle",
      "left": 18.813,
      "right": 90.855,
      "top": -44.165,
      "x": 54.834,
      "y": -17.149
    }
  ],
  "counts": {
    "birds": 3,
    "blocks": 34
  },
  "id": "pack4/LevelP2_103.lua",
  "scoreEagle": 53000,
  "scoreGold": 62000,
  "scoreSilver": 55000,
  "theme": "BACKGROUND_BUSHES",
  "world": {
    "bird_1": {
      "angle": 0,
      "id": "BIRD_RED",
      "x": 8.55,
      "y": -3.569
    },
    "bird_2": {
      "angle": 0,
      "id": "BIRD_RED",
      "x": 6.15,
      "y": -3.411
    },
    "bird_3": {
      "angle": 0,
      "id": "BIRD_RED",
      "x": 4.28,
      "y": -3.411
    },
    "block_1": {
      "angle": 0.008,
      "id": "TERRAIN_TEXTURED_HILLS_10X10",
      "x": 6.81,
      "y": 2.224
    },
    "block_10": {
      "angle": 0,
      "id": "TERRAIN_TEXTURED_HILLS_10X10",
      "x": 49.5,
      "y": -5.333333333333333
    },
    "block_11": {
      "angle": 0,
      "id": "WOOD_BLOCK_4X2",
      "x": 47.96666666666667,
      "y": -15.166666666666663
    },
    "block_12": {
      "angle": 0,
      "id": "STONE_BLOCK_4X1",
      "x": 57.666666666666664,
      "y": -0.9999999999999976
    },
    "block_13": {
      "angle": 0,
      "id": "STONE_BLOCK_4X1",
      "x": 57.66666666666666,
      "y": -8.333333333333332
    },
    "block_14": {
      "angle": 0,
      "id": "WOOD_BLOCK_4X2",
      "x": 57.666666666666664,
      "y": -2.4999999999999947
    },
    "block_15": {
      "angle": 0,
      "id": "WOOD_BLOCK_4X2",
      "x": 57.66666666666667,
      "y": -4.666666666666661
    },
    "block_16": {
      "angle": 0,
      "id": "WOOD_BLOCK_4X2",
      "x": 64.83333333333334,
      "y": -5.499999999999995
    },
    "block_17": {
      "angle": 90,
      "id": "STONE_BLOCK_8X1",
      "x": 62.33333333333332,
      "y": -4.5
    },
    "block_18": {
      "angle": 0,
      "id": "WOOD_BLOCK_4X2",
      "x": 64.83333333333334,
      "y": -2.499999999999992
    },
    "block_19": {
      "angle": 0,
      "id": "STONE_BLOCK_4X1",
      "x": 64.83333333333334,
      "y": -0.9999999999999973
    },
    "block_2": {
      "angle": 0,
      "id": "WOOD_BLOCK_4X2",
      "x": 47.96666666666667,
      "y": -20.633333333333358
    },
    "block_20": {
      "angle": 0,
      "id": "WOOD_BLOCK_4X1",
      "x": 64.83333333333336,
      "y": -6.999999999999998
    },
    "block_21": {
      "angle": 0,
      "id": "STONE_BLOCK_4X1",
      "x": 64.83333333333333,
      "y": -7.999999999999998
    },
    "block_22": {
      "angle": 0,
      "id": "STONE_BLOCK_4X1",
      "x": 64.83333333333331,
      "y": -3.9999999999999987
    },
    "block_23": {
      "angle": 89,
      "id": "STONE_BLOCK_4X1",
      "x": 67.3333333333333,
      "y": -6.4999999999999964
    },
    "block_24": {
      "angle": 90,
      "id": "STONE_BLOCK_4X1",
      "x": 67.33333333333331,
      "y": -2.4999999999999973
    },
    "block_25": {
      "angle": 0,
      "id": "WOOD_BLOCK_4X2",
      "x": 57.66666666666668,
      "y": -6.833333333333325
    },
    "block_26": {
      "angle": 0,
      "id": "WOOD_BLOCK_4X2",
      "x": 72.16666666666669,
      "y": -5.333333333333328
    },
    "block_27": {
      "angle": 89,
      "id": "STONE_BLOCK_8X1",
      "x": 69.66666666666667,
      "y": -4.500000000000001
    },
    "block_28": {
      "angle": 0,
      "id": "WOOD_BLOCK_4X2",
      "x": 72.16666666666669,
      "y": -2.3333333333333255
    },
    "block_29": {
      "angle": 0,
      "id": "WOOD_BLOCK_4X1",
      "x": 72.16666666666669,
      "y": -0.8999999999999975
    },
    "block_3": {
      "angle": 0,
      "id": "WOOD_BLOCK_8X1",
      "x": 48.8,
      "y": -18.99999999999999
    },
    "block_30": {
      "angle": 0,
      "id": "STONE_BLOCK_4X1",
      "x": 72.16666666666666,
      "y": -3.833333333333332
    },
    "block_31": {
      "angle": 53,
      "id": "STONE_BLOCK_4X1",
      "x": 76.29166666666663,
      "y": -1.9999999999999973
    },
    "block_32": {
      "angle": 0,
      "id": "STONE_BLOCK_4X1",
      "x": 72.16666666666666,
      "y": -7.833333333333331
    },
    "block_33": {
      "angle": 91,
      "id": "STONE_BLOCK_4X1",
      "x": 74.79166666666666,
      "y": -5.858333333333331
    },
    "block_34": {
      "angle": 0,
      "id": "WOOD_BLOCK_4X1",
      "x": 72.16666666666669,
      "y": -6.899999999999999
    },
    "block_4": {
      "angle": 90,
      "id": "STONE_BLOCK_8X1",
      "x": 55.166666666666664,
      "y": -4.666666666666668
    },
    "block_5": {
      "angle": 0,
      "id": "WOOD_CIRCLE_2X2",
      "x": 75.125,
      "y": -1.25
    },
    "block_6": {
      "angle": 91,
      "id": "WOOD_BLOCK_8X1",
      "x": 50.84166666666666,
      "y": -14.333333333333337
    },
    "block_7": {
      "angle": 0,
      "id": "PIG_BASIC_MEDIUM",
      "x": 47.8,
      "y": -12.166666666666671
    },
    "block_8": {
      "angle": 91,
      "id": "WOOD_BLOCK_4X1",
      "x": 45.30000000000001,
      "y": -12.266666666666666
    },
    "block_9": {
      "angle": 90,
      "id": "WOOD_BLOCK_4X1",
      "x": 45.30000000000001,
      "y": -16.43333333333332
    }
  }
}